,M,deltaM,m,deltam,r_1,r_2,r_3,r_4,r_5,deltar,t_1,t_2,t_3,t_4,t_5,deltat,F_t,deltaF_t,t_avg,deltat_avg,T,F_c,T^2,a_c,netF_c
0,0.2084,0.0001,0.0854,0.0001,0.095,0.119,0.159,0.203,0.225,0.001,4.67,5.15,5.86,6.87,7.32,0.01,2.044404,0.00230334908340008,5.974,0.0213072757526625,5.974,0.00897451062696055,35.688676,9.724,9.7241
1,,,,,,,,,,,4.76,5.03,5.96,6.72,7.36,,,,5.966,0.0580172388174411,5.966,0.0112719244886866,35.593156,,
2,,,,,,,,,,,4.73,5.3,6.01,6.8,7.4,,,,6.048,0.0431740662898458,6.048,0.0146551803299171,36.578304,,
3,,,,,,,,,,,4.8,5.24,6.04,6.76,7.33,,,,6.034,0.0297657521322745,6.034,0.0187976272581727,36.409156,,
4,,,,,,,,,,,4.75,5.36,6.12,6.87,7.3,,,,6.08,0.0174355957741628,6.08,0.0205207375959717,36.9664,,
